<?xml version="1.0" encoding="UTF-8"?>
<project-private xmlns="http://www.netbeans.org/ns/project-private/1">
    <editor-bookmarks xmlns="http://www.netbeans.org/ns/editor-bookmarks/2" lastBookmarkId="0"/>
    <open-files xmlns="http://www.netbeans.org/ns/projectui-open-files/2">
        <group>
            <file>file:/home/mkl/radboud/teaching/object-orientation/NWI-IPI005-Object-Orientatie/assignments/assignment-polynomials/assignment-polynomials-start/src/polynomials/Main.java</file>
            <file>file:/home/mkl/radboud/teaching/object-orientation/NWI-IPI005-Object-Orientatie/assignments/assignment-polynomials/assignment-polynomials-start/src/polynomials/Term.java</file>
            <file>file:/home/mkl/radboud/teaching/object-orientation/NWI-IPI005-Object-Orientatie/assignments/assignment-polynomials/assignment-polynomials-start/src/polynomials/Polynomial.java</file>
        </group>
    </open-files>
</project-private>
